キーワード,商品名,値段,レビュー,レビュー数,ASIN
財布,GLEVIO[グレヴィオ] 一流 の 財布 職人 が 作る 長財布 メンズ 束入れ スタイリッシュ プレゼント 薄い ビジネス ながざいふメンズ,"2,980",4.3,46,B09GBBT53V
財布,[ラファエロ] 一流の革職人が作る ブライドルレザー 二つ折り財布 メンズ 2つ折り 大容量 折りたたみ 財布メンズ ブランド,"9,998",4.0,285,B08NCTBKCX
財布,レディース財布 長財布 大容量財布 ウォレット ファスナー メンズ M61697 一流の革財布 モノグラム 多機能 ウォレット 財布レザー 人気 【並行輸入】,"15,990",,,
財布,レディース財布 長財布 ウォレット 多機能 財布 M61864 ファスナー 一流の革財布 モノグラム財布 ウォレット 人気 大容量 財布レザー メンズ 【並行輸入】,"15,990",,,
財布,REGiSTA レジスタ 二つ折り財布 財布 小銭入れ 札入れ カード入れ ウォレット サイフ オシャレ ラウンドファスナー 父の日 578-F-BK ブラック ※キャンセル・返品・交換不可,"3,448",,,B099RBY587
財布,[イルビゾンテ]IL BISONTE Wホック長財布 C0775.P VACCHETTA//C0775 [並行輸入品],"22,200",,,B0756TDBG4
財布,Paul Smith [ポールスミス] 財布 メンズ 二つ折り 折財布 ブラック WALLET BFCN ZEBRA M2A6078 [並行輸入品],"16,800",4.1,16,B09YGSK956
財布,Xviita[エクスビータ] イタリアンレザーが 美しい 財布 メンズ 二つ折り 品質証明書 イタリア IL PONTE社 MEDUCEO LUX 緑 (ダークグリーン),"4,980",4.0,720,B08X48LMLG
財布,GLEVIO[グレヴィオ] イタリアンレザー 二つ折り 財布 / 一流 の 財布 職人 が 作る / 財布 メンズ 二つ折り 折財布 折り財布 ふたつおり　2つ折り財布,"5,980",4.1,773,B08R7R29RM
財布,[ノーマディック] 財布 SA-08,"1,430",4.3,1236,B09D3F97ZX
財布,[コーチ] COACH 財布(三つ折り財布) F02923 2923 チョークマルチ2 カラーブロック クロスグレーン レザー スモール トライフォールド ウォレット レディース [アウトレット品] [ブランド] [並行輸入品],"12,400",4.4,10,B09NXDJSR3
財布,Annekor 革職人のこだわり 高級イタリア産本革 『カード14枚収納の天然皮革財布』 二つ折り 財布 風水師監修 RFIDセキュリティ対策 ボックス型小銭入れ メンズ [アンコールジャパン],"4,580",4.0,23,B09N23PXW3
財布,GLEVIO[グレヴィオ] 一流 の 財布 職人 が 作る 長財布 / 財布 小銭入れ付き タイガ加工 ビジネスウォレット ビジネス 束入れ スタイリッシュ,"3,980",3.9,1096,B08SHK4LTN
財布,ILBISONTE イルビゾンテ C0890 P VACCHETTA レザー 二つ折り財布 スモール ミディアム財布 カラー4色 ユニセックス [並行輸入品],"23,800",4.0,1,B07MC6S3JB
財布,GLEVIO[グレヴィオ] 一流 の 財布 職人 が 作る ミニ財布 / 財布 メンズ 二つ折り 本革 イタリアンレザー 折財布 折り財布 ふたつおり　2つ折り財布,"4,980",4.1,1082,B08NQ2X4Q8
財布,[Xviita](エクスビータ) 財布 メンズ 二つ折り ラウンドファスナー 人気商品 品質証明書 本革 イタリアンレザー メデュセオラックス 大型 小銭入れ カード入れ YKKファスナー 上質 こだわり抜いた美しさ (ダークグリーン),"5,500",4.0,547,B097MQDX2K
財布,BONAVENTURA ボナベンチュラ スモール ウォレット BWAT7,"33,000",4.4,139,B07K7FK1ZX
財布,[Amazon限定ブランド] SALBA(サルバ) 長財布 カードが立つから取出し簡単 大容量 ボックス型小銭入れ 本革 メンズ プレゼント,"4,980",4.0,90,B08QRQNL7W
財布,多機能財布 レディース財布 ウォレット 長財布 大容量 ファスナー M41938 一流の革財布 モノグラム ウォレット 財布レザー 人気 財布 メンズ 【並行輸入】,"15,990",,,
財布,[NEESE] 財布 ミニ財布 小さい 折りたたみ財布,"2,980",4.1,401,B095P2WGQB
財布,Hush Puppies ハッシュパピー ニック 財布 2つ折り 小銭入れ ラウンドファスナー 牛革 HP0608,"5,102",4.2,164,B077WR57JJ
財布,HUKURO 二つ折り 大きく開く小さな 財布 メンズ レディース 革 本革 日本製,"24,750",4.4,180,B07CJML7JY
財布,[アルテミスクラシック]ArtemisClassic 本革サフィアーノウェイブウォレット ac-acw0016,"27,500",,,B07XLRP54Z
財布,サンリオ(SANRIO) ハローキティ ビニールウォレット 9.5×1×9cm PVC N-1408-665908,495,4.5,625,
財布,[グレヴィオ] ブライドルレザー 一流の財布職人が作る 財布 本革 二つ折り財布 メンズ 小銭入れ付き,"5,980",4.0,471,B0973C4JG4
財布,ポールスミス 二つ折り財布 メンズ ブラック マルチカラーストライプ 4833 BMULTI 79 Made in ITALY [並行輸入品],"17,800",3.8,13,B08XYLV8FF
財布,(ポール・スミス) Paul Smith ジップストローグレイン 長財布 国内正規品 【純正化粧箱・ショップバッグ付 ギフトラッピング可】 ラウンドジップ ウォレット 札入れ 小銭入れ,"21,403",4.4,288,B08QS127XL
財布,TADY&KING タディアンドキング goro's ゴローズ魂継承 メンズ 財布 長財布 栃木レザー レザーウォレット シルバーアクセサリーレジスト原宿 tl-01 ロングウォレット 2つ折り (ブラウン),"45,650",5.0,1,B08YDNQRX4
財布,[コーチ] COACH 財布(二つ折り財布) FC0082 C0082 シグネチャー PVC レザー ミディアム コーナー ジップ ウォレット レディース [アウトレット品] [ブランド] [並行輸入品],"13,980",4.3,423,B08WJGQMC4
財布,AGENNDA [Amazon限定ブランド] 財布 メンズ 長財布 イタリアンサフィアーノレザー スキミング防止 YKK ラウンドファスナー AGWL01 (黒×黒),"5,800",4.0,162,B082P3DY4D
財布,[エドウィン] 二つ折り財布 ホワイトステッチ 合皮 紙幣収納 小銭収納 カードポケット,"3,190",4.1,31,B08FCX1NCX
財布,［ラファエロ］一流の革職人が作る スフマート染色 メンズ 二つ折り財布 ブランド 大容量 2つ折り 財布メンズ 折りたたみ 革財布,"7,998",3.9,177,B08WHJ7SBN
財布,レディース財布 長財布レディース財布 ウォレット財布 多機能 大容量財布 M80116 ファスナー 一流の革財布 モノグラム ウォレット 財布レザー 人気 メンズ 【並行輸入】,"15,990",,,
財布,財布メンズ 長財布 大容量 多機能 ウォレット ファスナー M61857 一流の革財布 モノグラム ウォレット 人気 財布レザー レディース財布 【並行輸入】,"15,990",,,
財布,[NeedNetwork] 岡山デニム 財布 長財布 メンズ レディース 札入れ ラウンドファスナー 小銭入れ 大容量 カラビナ アウトドア ロングウォレット カードケース コインケース,"2,780",3.9,11,B09S8SZVKC
財布,OKUSEKAY 財布 メンズ 二つ折り札入れ 牛革 カーボンレザー L字型ファスナー 軽量 防水 折りたたみ財布 小銭入れ付き 大容量 ビジネス ギフト 父の日 プレゼント RFIDスキ ミング防止 (ブルー),"3,999",3.6,206,B097DGHDC9
財布,GISELLE ミニ財布 レディース 財布 三つ折り ミニウォレット コンパクト 小さい 薄型 小銭入れ カード入れ 3つ折り 花柄 無地 (ブラウン),"1,480",3.8,251,B07D8RSPPJ
財布,[バーバリー] 長財布 8014479 CAVENDISH サーモプラスチック [並行輸入品],"39,600",3.9,21,B08BLNC851
財布,[グレヴィオ] 一流の財布職人が作る 財布 ラウンドファスナー 小銭入れ付き タイガ加工 ブラック×レッド メンズ 一粒万倍日 天赦日 虎の日,"4,980",4.1,1036,B08SHNHC4C
財布,[グッチ] GUCCI 財布 折財布 二つ折り アウトレット SOHO レザー 615525 [並行輸入品],,4.0,28,B08Q855YWH
財布,(トミーヒルフィガー) TOMMY HILFIGER ロングジップウォレット AM08661,"11,880",3.7,3,B09R3QYWZW
財布,[グレヴィオ] GLEVIO 財布 一流の財布職人が作る 本革 ブライドルレザー,"5,980",4.3,108,B09SXKBTJ4
財布,財布 長財布 がま口 黒 ブラック レザー 牛革 牛 ナイロン,"16,800",4.6,4,B08LGRXQVF
財布,[ミッシュマッシュ] 長財布 中LFタバイレ,"8,140",4.3,62,B08PLGVPQL
財布,[イル ビゾンテ] 財布 C0423 レザー 本革 [並行輸入品],"15,800",4.1,77,B09M81SMQ3
財布,[トミーヒルフィガー] 長財布 31TL19X006 [並行輸入品],"6,463",4.3,29,B07ZKLQQ1B
財布,TLAGE[Amazon限定ブランド] 財布 メンズ 二つ折り カーボンレザー 牛革 小銭入れ カード6枚 オールインワン (Brown),"3,880",4.1,952,B08K97YZFM
財布,[アウトドアプロダクツ] 二つ折り財布 ボンデッドレザー ラウンドジップ 紙幣収納 小銭収納 カード収納,"3,190",4.1,130,B08Q88WMPF
財布,[チャムス] 三つ折り財布 Trifold Wallet Sweat Nylon,"2,982",4.4,147,B08D155B2Z
財布,[アルテミスクラシック]ArtemisClassic 本革サフィアーノコーナーウォレット ac-acw0015,"29,700",,,B07XV5WGSL
財布,[バーバリー]長財布 ロンドンチェック グレー メンズ BURBERRY 8014480 A5656 [並行輸入品],"25,502",5.0,3,B08P9XG6F7
財布,[名入れ可] ポールスミス Paul Smith 正規品 本革 シティエンボス 長財布 ロングウォレット,,4.6,144,B01LEVT6BW
財布,[グレゴリー] 財布 公式 クラシックワレット 現行モデル,"2,750",4.3,346,B088KL232R
財布,フェニックス ラウンド エンボス 長財布 ロングウォレット PE-001-BE,"11,000",4.0,1,B09HRZN3DS
財布,[コーチ] 長財布 F54630 シグネチャー [並行輸入品],"16,800",4.2,475,B07SVN43QP
財布,[プラダ] 三つ折り財布 1MH021 QWA サフィアーノ レザー [並行輸入品],"53,801",4.3,50,B07ZJKBPVS
財布,[ポールスミス] ラウンドファスナー長財布 マルチストライプ カーフレザー M1A4778 (ブラック) [並行輸入品],"25,411",4.3,24,B092J8FN7P
財布,[イル ビゾンテ] 財布 C0508 レザー 本革 [並行輸入品],"16,500",4.1,37,B09RBVT25K
財布,[アルテミスクラシック]ArtemisClassic 本革クロコダイルロングウォレット ac-acw0014,"77,000",4.0,2,B07M5BXZM9
財布,長財布 大容量 本革 メンズ レザーロングウォレット 本革レザー 高級 牛革 ラウンドファスナー icカード収納 小銭入れ コインケース チャック (Black),,,,B08K3F9W12
財布,一流の財布職人が作る 財布 メンズ 長財布 カーボン 父の日 束入れ 人気ブランド プレゼント,"3,980",4.4,9,B09PNBY146
財布,GLEVIO[グレヴィオ] 一流 の 財布 職人 が 作る 長財布 メンズ 束入れ スタイリッシュ プレゼント 薄い ビジネス ながざいふメンズ,"2,980",4.3,46,B09GBBT53V
財布,[ラファエロ] 一流の革職人が作る ブライドルレザー 二つ折り財布 メンズ 2つ折り 大容量 折りたたみ 財布メンズ ブランド,"9,998",4.0,285,B08NCTBKCX
財布,(エルメス)HERMES小銭入れ付き財布（小銭入れ付き）ドゴンGMドゴンデュオロングトーゴユニセックス[並行輸入品],"28,000",,,B0B653WW8Z
財布,[ジルマン] 財布 メンズ 長財布 牛革 YKK製 ラウンドファスナー,"2,998",4.2,8012,B078L6SJWJ
財布,GLEVIO[グレヴィオ] 一流 の 財布 職人 が 作る カード が たくさん 入る 財布 / 財布 メンズ 2つ折り 二つ折り財布 メンズ財布 小さい 財布,"4,980",3.9,146,B09P35MD8Q
財布,Bubuyoo 財布 メンズ 二つ折り ウォレット 本革 スキミング防止 薄型 大容量 カード16枚収納可能 お札 入れ 小銭入れ付き ビジネス プレゼント 無地 ブラック,"3,980",4.3,145,B09NM4B92M
財布,(ビーピーアールビームス) bpr BEAMS SALLIES/ミニマル ウォレットPocket Pal 33030554540,"2,970",4.3,21,B0B3CY4KFN
財布,[Amazon限定ブランド]SALBA(サルバ) 薄い財布 二つ折り財布 本革 オールインワン ミニ財布 メンズ プレゼント,"2,980",4.1,369,B08H51SK5B
財布,TLAGE[Amazon限定ブランド] 財布 メンズ 二つ折り カーボンレザー 牛革 小銭入れ カード6枚 オールインワン (Brown),"3,880",4.1,952,B08K97YZFM
財布,AGENNDA [Amazon限定ブランド] ミニ財布 メンズ 小銭入れ イタリアン カーボンレザー L字ファスナー 財布 小さい 本革 AGWL07 (黒×黒),"4,780",4.1,58,B09PF1194R
財布,[Amazon限定ブランド]SALBA(サルバ) 薄い財布 オールインワン 二つ折り財布 本革 ミニ財布 メンズ (Black_Deeppurple),"2,980",4.1,159,B08T97M4W1
財布,AGENNDA [Amazon限定ブランド] 財布 メンズ 長財布 イタリアンサフィアーノレザー スキミング防止 YKK ラウンドファスナー AGWL01 (黒×黒),"5,800",4.0,162,B082P3DY4D
財布,[ガッターロ] 財布 二つ折り イタリアンレザー [Amazon.co.jp限定商品] [名入れ可],"7,700",4.0,56,B08LNP1X4P
財布,Rhodium Ken【Amazon限定ブランド】財布 メンズ 二つ折り 本革 牛革 小銭入れ カード11枚 二つ折り札入れ ビジネス ギフト (黒),"2,690",4.6,7,B0953JQ6PR
財布,TLAGE[Amazon限定ブランド] コインケース 小銭入れ カードケース カード7枚 財布 カーボンレザー メンズ 2022改訂版 MW06 (ブラウン),"3,880",4.2,29,B09SLZ5XPW
財布,GLEVIO[グレヴィオ] 一流 の 財布 職人 が 作る 長財布 / 父の日 プレゼント 財布 メンズ 長財布 メンズ,"2,980",4.2,131,B09GBDPCYZ
財布,[ブランゼ] 財布 メンズ 長財布 イタリアン カーボンレザー YKK製 ラウンドファスナー セパレート型 小銭入れ (シャンパンゴールド),"9,888",4.4,183,B09N9VFPKG
財布,GISELLE 財布 二つ折り財布 レディース メンズ ミニ財布 小さい 二つ折り ふたつおり 2つ折り ミニウォレット 牛革 薄い BOX型 小銭入れ カード入れ ミニマリスト 大容量 コンパクト 極薄 スリム レザー (Orange/オレンジ),"2,680",3.5,162,B08JGDD933
財布,GLEVIO[グレヴィオ] カード 18枚 収納 / 一流 の 財布 職人 が 作る カード が たくさん 入る 財布 /　財布 小銭入れ メンズ メンズ財布 ふたつおり財布 メンズ,"2,980",3.9,348,B09M6RZL61
財布,Anycool 財布 メンズ 栃木レザー 長財布 本革 大容量 薄い YKKファスナー レディース財布 二つ折り ウォレット 牛革 小銭入れ サイフ ハンドメイド シンプル 無地 男性 紳士用 おしゃれ 男女兼用 父の日 母の日 プレゼント (グリーン),"9,780",4.2,95,B09W48TPVN
財布,GLEVIO[グレヴィオ] 栃木レザー 二つ折り 財布 / 一流 の 財布 職人 が 作る / 財布 メンズ 二つ折り 折財布 折り財布 ふたつおり　2つ折り財布,"10,800",4.2,532,B09D7JYG8M
財布,LUOLUO 財布 メンズ 二つ折り 本革 国産レザー 薄い 大容量 一流の革職人が作る さいふ ボックス型 小銭入れ コンパクト グリーン/ブラウン(グリーン/ブラウン),"4,780",3.9,155,B09PY157J6
財布,財布 メンズ 長財布 環境にやさしい カーボンレザー YKK製 大容量 ビジネス 紳士 サイフ カード15枚収納 (ネイビーブルー),"3,980",4.1,335,B09TPGH2LY
財布,lunetta [Amazon限定ブランド] 天然牛革 メンズ 長財布 ブラックレザー ギフトBOX入り 財布 サイフ,"5,980",4.1,108,B08F4NZR1W
財布,[Amazon限定ブランド] SALBA(サルバ) 長財布 カードが立つから取出し簡単 大容量 ボックス型小銭入れ 本革 メンズ プレゼント,"4,980",4.0,90,B08QRQNL7W
財布,レディース財布 長財布 大容量財布 ウォレット ファスナー メンズ M61697 一流の革財布 モノグラム 多機能 ウォレット 財布レザー 人気 【並行輸入】,"15,990",,,
財布,名入れ可 (ポールスミス) Paul Smith 正規品 財布 二つ折り マーケトリーストライプラビット 牛革 レザー 小銭入れあり,,4.6,183,B07ZJ6N64C
財布,[ブランゼ] 財布 メンズ 長財布 カーボンレザー ラウンドファスナー YKK製 セパレート型 小銭入れ 牛革 ビジネス (ダークネイビー),"4,788",4.3,1399,B08FYV5RD1
財布,GISELLE 財布 三つ折り財布 ミニ財布 レディース コンパクト 小さい ミニウォレット 小銭入れ カード入れ 大容量 シンプル フォーマル 3つ折り クロコ風型押し (Lamp Black/ランプブラック),"2,980",3.7,235,B08H89P9F8
財布,GLEVIO(グレヴィオ) 財布 メンズ 長財布 カーボンレザー 小銭入れ,"3,980",4.1,3505,B088MR4Y5G
財布,GLEVIO(グレヴィオ) 一流 の 財布 職人 が 作る 長財布 / ジャパンレザー 財布 長財布 本革 アンティークガラスレザー ラウンドファスナー YKKファスナー メンズ,"5,980",4.1,1505,B08YFQMXLN
財布,[バーバリー] 二つ折り財布 CcBillCoin 8014484 メンズ DarkCharcoal [並行輸入品],"33,880",4.0,18,B08PDYSVQV
財布,[Le sourire] 二つ折り 財布 カード18枚収納 ボックス型 小銭入れ 本革 メンズ,"3,999",3.9,3258,B07C7JX5T6
財布,コーチ アウトレット COACH 長財布 ラウンドファスナー ラグジュアリー クロスグレーン レザー アコーディオン ジップ アラウンド レザー ブラック F52372 LIBLK [並行輸入品],"10,980",4.4,22,B07CGG3LB7
財布,GISELLE 財布 三つ折り財布 ミニ財布 レディース コンパクト 小さい ミニウォレット 小銭入れ カード入れ 大容量 シンプル フォーマル 3つ折り クロコ風型押し (シナモンベージュ),"2,980",3.7,101,B07Z4MD5XC
財布,[Xviita](エクスビータ) 財布 メンズ 長財布 薄型 本革 イタリアンレザー 品質証明書 小銭入れ カード入れ YKKファスナー 上質 こだわり抜いた美しさ ブラック,"5,950",4.1,169,B09KLK9XJJ
財布,吉田カバン ポーター PORTER 長財布 [PORTER CURRENT/ポーターカレント] 052-02201,"18,500",4.6,129,B006GOKYNC
財布,[コーチ] COACH 財布 (長財布) F53834 ブラック IMBLK シグネチャー 長財布 レディース [アウトレット品] [並行輸入品],"11,500",4.2,89,B019W7FTW0
財布,レディース財布 長財布 ウォレット 多機能 財布 M61864 ファスナー 一流の革財布 モノグラム財布 ウォレット 人気 大容量 財布レザー メンズ 【並行輸入】,"15,990",,,
財布,多機能財布 レディース財布 ウォレット 長財布 大容量 ファスナー M41938 一流の革財布 モノグラム ウォレット 財布レザー 人気 財布 メンズ 【並行輸入】,"15,990",,,
財布,aliba 財布 メンズ 二つ折り 二つ折り財布 男性 コンパクト 人気 大容量 wallet men メンズ財布 折りたたみ財布 プレゼント,"4,380",3.8,404,B087WSXLWS
財布,レディース財布 長財布レディース財布 ウォレット財布 多機能 大容量財布 M80116 ファスナー 一流の革財布 モノグラム ウォレット 財布レザー 人気 メンズ 【並行輸入】,"15,990",,,
財布,ecoofee 財布 メンズ 長財布 栃木レザー 一流の革職人が作る 本革 大容量 スキミング防止 YKK製 ラウンドファスナー 男性 ウォレット 小銭入れ 紳士用 牛革 さいふ (Green),"8,860",5.0,2,B0B516KQSN
財布,(コーチ)COACH 長財布 レキシントン サフィアーノ レザー ブラック アウトレット メンズ [ブランド][アウトレット]f74769blk [並行輸入品],"9,910",4.1,29,B00YT8J29O
財布,[ピンキーアンドダイアン] 折財布 【インフィニティ】 パール加工 ロゴ型押し ラインストーン入りブローチ チャーム付 PDLW9BS3(専用BOX入り),"11,800",3.9,40,B07N15KKGB
財布,[コーチ] COACH 財布(長財布) F73345 シグネチャー フローラル リリィ プリント アコーディオン ジップ アラウンド レディース [アウトレット品] [ブランド] [並行輸入品],"12,000",4.3,231,B07SSHF7RG
財布,コルボ 二つ折り財布 Ｌ字ファスナー 本革 ゴート 1LJ-1303 メンズ,"19,800",4.3,31,B07KXD4WZF
財布,[ラファエロ] 一流の革職人が作る ブライドルレザー 二つ折り財布 メンズ 2つ折り 大容量 折りたたみ 財布メンズ ブランド,"9,998",4.0,285,B08NCTBKCX
財布,[コーチ] 長財布 F59267 シグネチャー ラウンドファスナー キャンバス [並行輸入品],"13,090",4.0,196,B07YKXYX4B
財布,吉田カバン ポーター PORTER 二つ折り財布 [PORTER CURRENT/ポーターカレント] 052-02204,"15,549",4.6,260,B0147T5STW
財布,[アーノルドパーマー] 財布 メンズ 二つ折り財布 本革 イタリーレザー APS-3309 (tan),"3,600",4.1,128,
財布,財布 メンズ 二つ折り 【カード10枚/イタリアンレザー】 二つ折り財布 プレゼント ふたつおり財布 2つ折り 本革 6 ブラック,"4,980",4.0,82,B09S5F1XPP
財布,[コーチ] 財布 レディース 三つ折り 折財布 アウトレット ミニ財布 レザー SMALL TRIFOLD 37968 COACH [並行輸入品],"10,140",4.1,261,B07LGXGXTQ
財布,[イルビゾンテ] IL BISONTE 財布 折財布 二つ折り C0910 P レザー メンズ [並行輸入品],"26,880",4.5,2,B09MFH7QB3
財布,[エドウィン] 二つ折財布 ダークメタルプレート 紙幣収納 小銭収納 カードポケット 22229055,"3,190",3.9,267,B07FG3WK95
財布,財布 メンズ 長財布 日本製 栃木レザー 一流の財布職人が作る 本革 大容量 ykkファスナー 紳士 サイフ (グリーン),"9,280",4.3,480,B09FXDFMBN
財布,[ダコタ] Dakota 二つ折り財布 本革 レディース DA-36362,"16,500",4.3,166,B07X8WJHSM
財布,[コーチ] COACH 財布(三つ折り財布) F02923 2923 チョークマルチ2 カラーブロック クロスグレーン レザー スモール トライフォールド ウォレット レディース [アウトレット品] [ブランド] [並行輸入品],"12,400",4.4,10,B09NXDJSR3
財布,(ハッシュパピー) Hush Puppies イタリアンレザー「ラリー」 ラウンドファスナー二つ折り財布,"7,920",4.1,329,B01MTXGWTF
財布,財布 長財布 がま口 ゴールド シャンパンゴールド レザー 牛革 牛 ナイロン,"16,800",4.1,4,B08LG68CYZ
財布,[Xviita](エクスビータ) 財布 メンズ 二つ折り ラウンドファスナー 人気商品 品質証明書 本革 イタリアンレザー メデュセオラックス 大型 小銭入れ カード入れ YKKファスナー 上質 こだわり抜いた美しさ (ダークグリーン),"5,500",4.0,547,B097MQDX2K
財布,[NEESE] 財布 ミニ財布 小さい 折りたたみ財布,"2,980",4.1,401,B095P2WGQB
財布,VECHOO 財布 メンズ 二つ折り 小銭入れ 牛革 大容量 取り外し可能なカードケース レザー コイン ウォレットカード収納 二重ファスナー,"3,080",3.5,946,B07RQMQ4D7
財布,[ダンヒル] 長財布 L2S810A ベルグレイブ レザー [並行輸入品],"30,126",4.5,56,B00IKH6ZFE
財布,GLEVIO[グレヴィオ] 一流 の 財布 職人 が 作る ミニ財布 / 財布 メンズ 二つ折り 本革 イタリアンレザー 折財布 折り財布 ふたつおり　2つ折り財布,"4,980",4.1,1082,B08NQ2X4Q8
財布,ポールスミス 二つ折り財布 メンズ ブラック マルチカラーストライプ 4833 BMULTI 79 Made in ITALY [並行輸入品],"17,800",3.8,13,B08XYLV8FF
財布,財布メンズ 長財布 大容量 多機能 ウォレット ファスナー M61857 一流の革財布 モノグラム ウォレット 人気 財布レザー レディース財布 【並行輸入】,"15,990",,,
